image,pipeline,workers,trial,elapsed
1005649.jpg,serial,1,0,0.472385614999439
1005649.jpg,serial,1,1,0.43597325299924705
1005649.jpg,serial,1,2,0.44215553299909516
1005649.jpg,multiprocessing,1,0,0.45241757899930235
1005649.jpg,multiprocessing,1,1,0.4752953890001663
1005649.jpg,multiprocessing,1,2,0.48168845100008184
1005649.jpg,futures,1,0,0.48090605400102504
1005649.jpg,futures,1,1,0.49626612400061276
1005649.jpg,futures,1,2,0.5017559219995746
1005649.jpg,multiprocessing,4,0,0.19805859900043288
1005649.jpg,multiprocessing,4,1,0.17408139200051664
1005649.jpg,multiprocessing,4,2,0.17026272699877154
1005649.jpg,futures,4,0,0.17839897600060795
1005649.jpg,futures,4,1,0.18708165499992901
1005649.jpg,futures,4,2,0.18010652600059984
1005649.jpg,multiprocessing,8,0,0.14966586799891957
1005649.jpg,multiprocessing,8,1,0.14621537899984105
1005649.jpg,multiprocessing,8,2,0.15161113000067417
1005649.jpg,futures,8,0,0.14548911699966993
1005649.jpg,futures,8,1,0.16182927999943786
1005649.jpg,futures,8,2,0.14640462399984244
1005649.jpg,multiprocessing,12,0,0.16255926199846726
1005649.jpg,multiprocessing,12,1,0.16060572999958822
1005649.jpg,multiprocessing,12,2,0.15955612900143024
1005649.jpg,futures,12,0,0.15423411300071166
1005649.jpg,futures,12,1,0.15140541599976132
1005649.jpg,futures,12,2,0.14879677099997934
1005649.jpg,multiprocessing,16,0,0.15598507299910125
1005649.jpg,multiprocessing,16,1,0.15678405600010592
1005649.jpg,multiprocessing,16,2,0.16182436200142547
1005649.jpg,futures,16,0,0.16493858799913141
1005649.jpg,futures,16,1,0.16717653799969412
1005649.jpg,futures,16,2,0.1632178150011896
1005649.jpg,multiprocessing,20,0,0.18851841400100966
1005649.jpg,multiprocessing,20,1,0.208128308000596
1005649.jpg,multiprocessing,20,2,0.20817282600000908
1005649.jpg,futures,20,0,0.19266017900008592
1005649.jpg,futures,20,1,0.18055244400056836
1005649.jpg,futures,20,2,0.1861620519994176
1011328.jpg,serial,1,0,0.7764897640008712
1011328.jpg,serial,1,1,0.8394907160000002
1011328.jpg,serial,1,2,0.7426103529996908
1011328.jpg,multiprocessing,1,0,0.8680909880004037
1011328.jpg,multiprocessing,1,1,0.8075408909990074
1011328.jpg,multiprocessing,1,2,0.8268170070004999
1011328.jpg,futures,1,0,0.8043831020004291
1011328.jpg,futures,1,1,0.8581711260012526
1011328.jpg,futures,1,2,0.7940051609984948
1011328.jpg,multiprocessing,4,0,0.2796998720004922
1011328.jpg,multiprocessing,4,1,0.3055577209997864
1011328.jpg,multiprocessing,4,2,0.29464211400045315
1011328.jpg,futures,4,0,0.28193542499866453
1011328.jpg,futures,4,1,0.2948064170013822
1011328.jpg,futures,4,2,0.28018552899993665
1011328.jpg,multiprocessing,8,0,0.2381112339990068
1011328.jpg,multiprocessing,8,1,0.219549826999355
1011328.jpg,multiprocessing,8,2,0.23787910099963483
1011328.jpg,futures,8,0,0.24672824399931415
1011328.jpg,futures,8,1,0.25948994799909997
1011328.jpg,futures,8,2,0.23671109600036289
1011328.jpg,multiprocessing,12,0,0.22781423299966264
1011328.jpg,multiprocessing,12,1,0.2590903749987774
1011328.jpg,multiprocessing,12,2,0.35558247700100765
1011328.jpg,futures,12,0,0.2696949309993215
1011328.jpg,futures,12,1,0.24847992499962857
1011328.jpg,futures,12,2,0.2573569319993112
1011328.jpg,multiprocessing,16,0,0.26952006200008327
1011328.jpg,multiprocessing,16,1,0.2553519730008702
1011328.jpg,multiprocessing,16,2,0.24070071899950563
1011328.jpg,futures,16,0,0.24841948699940986
1011328.jpg,futures,16,1,0.25270370399994135
1011328.jpg,futures,16,2,0.25644369199835637
1011328.jpg,multiprocessing,20,0,0.25715368000055605
1011328.jpg,multiprocessing,20,1,0.2808522790001007
1011328.jpg,multiprocessing,20,2,0.2613982259990735
1011328.jpg,futures,20,0,0.2838581489995704
1011328.jpg,futures,20,1,0.26126097700034734
1011328.jpg,futures,20,2,0.2552390969995031
101251.jpg,serial,1,0,0.6145819459998165
101251.jpg,serial,1,1,0.6163997149997158
101251.jpg,serial,1,2,0.6636852800002089
101251.jpg,multiprocessing,1,0,0.6281826320009714
101251.jpg,multiprocessing,1,1,0.5850553510008467
101251.jpg,multiprocessing,1,2,0.606492460001391
101251.jpg,futures,1,0,0.5617523860000802
101251.jpg,futures,1,1,0.5660368190001464
101251.jpg,futures,1,2,0.57713540900113
101251.jpg,multiprocessing,4,0,0.21534119699936127
101251.jpg,multiprocessing,4,1,0.23611189000075683
101251.jpg,multiprocessing,4,2,0.24540528199941036
101251.jpg,futures,4,0,0.23411914099960995
101251.jpg,futures,4,1,0.22893575799935206
101251.jpg,futures,4,2,0.23351533100139932
101251.jpg,multiprocessing,8,0,0.18067320699992706
101251.jpg,multiprocessing,8,1,0.18457309799850918
101251.jpg,multiprocessing,8,2,0.18100692900043214
101251.jpg,futures,8,0,0.1816274880002311
101251.jpg,futures,8,1,0.18011937200026296
101251.jpg,futures,8,2,0.1850486909988831
101251.jpg,multiprocessing,12,0,0.18495996999990894
101251.jpg,multiprocessing,12,1,0.19547767699987162
101251.jpg,multiprocessing,12,2,0.1978143819997058
101251.jpg,futures,12,0,0.18783576199894014
101251.jpg,futures,12,1,0.18326739899930544
101251.jpg,futures,12,2,0.1819834889993217
101251.jpg,multiprocessing,16,0,0.20074571800068952
101251.jpg,multiprocessing,16,1,0.19412449800074683
101251.jpg,multiprocessing,16,2,0.1920424929994624
101251.jpg,futures,16,0,0.18935446199975559
101251.jpg,futures,16,1,0.1884919739986799
101251.jpg,futures,16,2,0.19280016199991223
101251.jpg,multiprocessing,20,0,0.20743089400093595
101251.jpg,multiprocessing,20,1,0.21327305100021476
101251.jpg,multiprocessing,20,2,0.21449101899997913
101251.jpg,futures,20,0,0.21356999599993287
101251.jpg,futures,20,1,0.19923980599924107
101251.jpg,futures,20,2,0.21430750000035914
1014775.jpg,serial,1,0,0.7671762879999733
1014775.jpg,serial,1,1,0.7809413510003651
1014775.jpg,serial,1,2,0.7548133860000235
1014775.jpg,multiprocessing,1,0,0.7751900940002088
1014775.jpg,multiprocessing,1,1,0.7780483690003166
1014775.jpg,multiprocessing,1,2,0.7836194029987382
1014775.jpg,futures,1,0,0.8113160339999013
1014775.jpg,futures,1,1,0.7876707579998765
1014775.jpg,futures,1,2,0.7596181120006804
1014775.jpg,multiprocessing,4,0,0.29679226300140726
1014775.jpg,multiprocessing,4,1,0.305390241999703
1014775.jpg,multiprocessing,4,2,0.30538474499917356
1014775.jpg,futures,4,0,0.29619038999953773
1014775.jpg,futures,4,1,0.32186098099919036
1014775.jpg,futures,4,2,0.3238188840005023
1014775.jpg,multiprocessing,8,0,0.24100984299911943
1014775.jpg,multiprocessing,8,1,0.24138845800007402
1014775.jpg,multiprocessing,8,2,0.229627568000069
1014775.jpg,futures,8,0,0.24814446899836184
1014775.jpg,futures,8,1,0.23530650199973024
1014775.jpg,futures,8,2,0.2504136620009376
1014775.jpg,multiprocessing,12,0,0.22597903399946517
1014775.jpg,multiprocessing,12,1,0.2360318549999647
1014775.jpg,multiprocessing,12,2,0.24516526300067198
1014775.jpg,futures,12,0,0.23254115199961234
1014775.jpg,futures,12,1,0.23312168600023142
1014775.jpg,futures,12,2,0.23163705399929313
1014775.jpg,multiprocessing,16,0,0.24361563499951444
1014775.jpg,multiprocessing,16,1,0.25263243700101157
1014775.jpg,multiprocessing,16,2,0.2537248129992804
1014775.jpg,futures,16,0,0.3065158250010427
1014775.jpg,futures,16,1,0.2531023669998831
1014775.jpg,futures,16,2,0.25487275999876147
1014775.jpg,multiprocessing,20,0,0.2838686860013695
1014775.jpg,multiprocessing,20,1,0.2736697889995412
1014775.jpg,multiprocessing,20,2,0.2674573980002606
1014775.jpg,futures,20,0,0.25859192899952177
1014775.jpg,futures,20,1,0.27978408400122134
1014775.jpg,futures,20,2,0.2679300499985402
1026328.jpg,serial,1,0,0.9180852659992524
1026328.jpg,serial,1,1,0.8697487600002205
1026328.jpg,serial,1,2,0.8321919249992789
1026328.jpg,multiprocessing,1,0,0.8806002989986155
1026328.jpg,multiprocessing,1,1,0.8814944719997584
1026328.jpg,multiprocessing,1,2,0.7633570529997087
1026328.jpg,futures,1,0,0.7891455849985505
1026328.jpg,futures,1,1,0.8198030700004892
1026328.jpg,futures,1,2,0.7892733509997925
1026328.jpg,multiprocessing,4,0,0.286394394999661
1026328.jpg,multiprocessing,4,1,0.2983547149997321
1026328.jpg,multiprocessing,4,2,0.30563938500017684
1026328.jpg,futures,4,0,0.319065761001184
1026328.jpg,futures,4,1,0.30523469100080547
1026328.jpg,futures,4,2,0.2941492190002464
1026328.jpg,multiprocessing,8,0,0.2396265150000545
1026328.jpg,multiprocessing,8,1,0.2625508119999722
1026328.jpg,multiprocessing,8,2,0.2278136330005509
1026328.jpg,futures,8,0,0.2562724910003453
1026328.jpg,futures,8,1,0.24678257100094925
1026328.jpg,futures,8,2,0.24259986500146624
1026328.jpg,multiprocessing,12,0,0.23542135499883443
1026328.jpg,multiprocessing,12,1,0.2664229839992913
1026328.jpg,multiprocessing,12,2,0.2342164790006791
1026328.jpg,futures,12,0,0.23572827899988624
1026328.jpg,futures,12,1,0.24351809100153332
1026328.jpg,futures,12,2,0.24528305199964962
1026328.jpg,multiprocessing,16,0,0.25308670599952166
1026328.jpg,multiprocessing,16,1,0.28648986100051843
1026328.jpg,multiprocessing,16,2,0.336102810999364
1026328.jpg,futures,16,0,0.265224777000185
1026328.jpg,futures,16,1,0.2561063709999871
1026328.jpg,futures,16,2,0.2500797070006229
1026328.jpg,multiprocessing,20,0,0.31167392499992275
1026328.jpg,multiprocessing,20,1,0.26961246599967126
1026328.jpg,multiprocessing,20,2,0.27977880900107266
1026328.jpg,futures,20,0,0.3238020169992524
1026328.jpg,futures,20,1,0.3049315040007059
1026328.jpg,futures,20,2,0.2708334930011915
1028787.jpg,serial,1,0,0.879528527999355
1028787.jpg,serial,1,1,0.807100072999674
1028787.jpg,serial,1,2,0.8721439430009923
1028787.jpg,multiprocessing,1,0,0.9328654699984327
1028787.jpg,multiprocessing,1,1,0.8131664990014542
1028787.jpg,multiprocessing,1,2,0.798231525999654
1028787.jpg,futures,1,0,0.8108016620008129
1028787.jpg,futures,1,1,0.7998973570011003
1028787.jpg,futures,1,2,0.7926491150010406
1028787.jpg,multiprocessing,4,0,0.30749766799999634
1028787.jpg,multiprocessing,4,1,0.31584131399904436
1028787.jpg,multiprocessing,4,2,0.2916685759992106
1028787.jpg,futures,4,0,0.28441159399881144
1028787.jpg,futures,4,1,0.2907486259991856
1028787.jpg,futures,4,2,0.30835122799908277
1028787.jpg,multiprocessing,8,0,0.23689087400089193
1028787.jpg,multiprocessing,8,1,0.2352769579993037
1028787.jpg,multiprocessing,8,2,0.2370746729993698
1028787.jpg,futures,8,0,0.2721975679996831
1028787.jpg,futures,8,1,0.2805546649997268
1028787.jpg,futures,8,2,0.27052683100009745
1028787.jpg,multiprocessing,12,0,0.2548137579997274
1028787.jpg,multiprocessing,12,1,0.2520110330005991
1028787.jpg,multiprocessing,12,2,0.2511652459998004
1028787.jpg,futures,12,0,0.254438582000148
1028787.jpg,futures,12,1,0.2861590119991888
1028787.jpg,futures,12,2,0.272910084000614
1028787.jpg,multiprocessing,16,0,0.273333086999628
1028787.jpg,multiprocessing,16,1,0.2719422959999065
1028787.jpg,multiprocessing,16,2,0.26472420699974464
1028787.jpg,futures,16,0,0.2595078390004346
1028787.jpg,futures,16,1,0.31870107100075984
1028787.jpg,futures,16,2,0.29793761300061306
1028787.jpg,multiprocessing,20,0,0.3409736480007268
1028787.jpg,multiprocessing,20,1,0.31486060499992163
1028787.jpg,multiprocessing,20,2,0.29267636600161495
1028787.jpg,futures,20,0,0.2521048900016467
1028787.jpg,futures,20,1,0.2644978309999715
1028787.jpg,futures,20,2,0.2768238480002765
1034399.jpg,serial,1,0,0.6202378709986078
1034399.jpg,serial,1,1,0.5803500589991017
1034399.jpg,serial,1,2,0.5969224350010336
1034399.jpg,multiprocessing,1,0,0.6529969120001624
1034399.jpg,multiprocessing,1,1,0.6255062250002084
1034399.jpg,multiprocessing,1,2,0.6205694139989646
1034399.jpg,futures,1,0,0.6048520479998842
1034399.jpg,futures,1,1,0.6409849079991545
1034399.jpg,futures,1,2,0.6239837680004712
1034399.jpg,multiprocessing,4,0,0.22951900899897737
1034399.jpg,multiprocessing,4,1,0.23886530500021763
1034399.jpg,multiprocessing,4,2,0.22740550199887366
1034399.jpg,futures,4,0,0.23292940099963744
1034399.jpg,futures,4,1,0.24449614799959818
1034399.jpg,futures,4,2,0.2595335170008184
1034399.jpg,multiprocessing,8,0,0.2161840629996732
1034399.jpg,multiprocessing,8,1,0.21447222999995574
1034399.jpg,multiprocessing,8,2,0.19957335600156512
1034399.jpg,futures,8,0,0.19788875399899553
1034399.jpg,futures,8,1,0.21365029300068272
1034399.jpg,futures,8,2,0.2495640260003711
1034399.jpg,multiprocessing,12,0,0.21083365500089712
1034399.jpg,multiprocessing,12,1,0.21305755700086593
1034399.jpg,multiprocessing,12,2,0.23910300900024595
1034399.jpg,futures,12,0,0.22424446900004114
1034399.jpg,futures,12,1,0.21880773500015493
1034399.jpg,futures,12,2,0.23674136100089527
1034399.jpg,multiprocessing,16,0,0.25661910499911755
1034399.jpg,multiprocessing,16,1,0.21440937199986365
1034399.jpg,multiprocessing,16,2,0.21805792799932533
1034399.jpg,futures,16,0,0.22211864900054934
1034399.jpg,futures,16,1,0.23666151699944749
1034399.jpg,futures,16,2,0.23352716200133727
1034399.jpg,multiprocessing,20,0,0.24141976500141027
1034399.jpg,multiprocessing,20,1,0.2530049409997446
1034399.jpg,multiprocessing,20,2,0.23376627299876418
1034399.jpg,futures,20,0,0.2345794440007012
1034399.jpg,futures,20,1,0.23887482700047258
1034399.jpg,futures,20,2,0.2360369929992885
103801.jpg,serial,1,0,0.6425121419997595
103801.jpg,serial,1,1,0.6425629539990041
103801.jpg,serial,1,2,0.5682976500011137
103801.jpg,multiprocessing,1,0,0.6091184090000752
103801.jpg,multiprocessing,1,1,0.5856189160003851
103801.jpg,multiprocessing,1,2,0.588588439999512
103801.jpg,futures,1,0,0.5841999210006179
103801.jpg,futures,1,1,0.5745305480013485
103801.jpg,futures,1,2,0.5881921630007128
103801.jpg,multiprocessing,4,0,0.21480426900052407
103801.jpg,multiprocessing,4,1,0.21232142499866313
103801.jpg,multiprocessing,4,2,0.21692184200037445
103801.jpg,futures,4,0,0.2261372470002243
103801.jpg,futures,4,1,0.21968981899954088
103801.jpg,futures,4,2,0.23582315599924186
103801.jpg,multiprocessing,8,0,0.21976571300001524
103801.jpg,multiprocessing,8,1,0.2081605839994154
103801.jpg,multiprocessing,8,2,0.2090703250014485
103801.jpg,futures,8,0,0.21176226600073278
103801.jpg,futures,8,1,0.21651478199964913
103801.jpg,futures,8,2,0.1917266460004612
103801.jpg,multiprocessing,12,0,0.1944416389997059
103801.jpg,multiprocessing,12,1,0.21195637699929648
103801.jpg,multiprocessing,12,2,0.22348816199883004
103801.jpg,futures,12,0,0.24939726600132417
103801.jpg,futures,12,1,0.20829441199930443
103801.jpg,futures,12,2,0.21600118700007442
103801.jpg,multiprocessing,16,0,0.22572093400049198
103801.jpg,multiprocessing,16,1,0.20601924199945643
103801.jpg,multiprocessing,16,2,0.26586657900043065
103801.jpg,futures,16,0,0.221149550001428
103801.jpg,futures,16,1,0.22320372099966335
103801.jpg,futures,16,2,0.2700810489986907
103801.jpg,multiprocessing,20,0,0.2958363449997705
103801.jpg,multiprocessing,20,1,0.23432574500111514
103801.jpg,multiprocessing,20,2,0.2349282699997275
103801.jpg,futures,20,0,0.22465478000049188
103801.jpg,futures,20,1,0.2041651430008642
103801.jpg,futures,20,2,0.2149685349995707
1038694.jpg,serial,1,0,0.5239666139987094
1038694.jpg,serial,1,1,0.5188478430009127
1038694.jpg,serial,1,2,0.5151237340014632
1038694.jpg,multiprocessing,1,0,0.4999110179996933
1038694.jpg,multiprocessing,1,1,0.5650078079997911
1038694.jpg,multiprocessing,1,2,0.5674356660001649
1038694.jpg,futures,1,0,0.5322476159999496
1038694.jpg,futures,1,1,0.5303615510001691
1038694.jpg,futures,1,2,0.5404969709998113
1038694.jpg,multiprocessing,4,0,0.21180411000023014
1038694.jpg,multiprocessing,4,1,0.2327545319985802
1038694.jpg,multiprocessing,4,2,0.2598891450015799
1038694.jpg,futures,4,0,0.22129826699892874
1038694.jpg,futures,4,1,0.2121711919990048
1038694.jpg,futures,4,2,0.2334778730000835
1038694.jpg,multiprocessing,8,0,0.20373022199964907
1038694.jpg,multiprocessing,8,1,0.21272431699981098
1038694.jpg,multiprocessing,8,2,0.1904640829998243
1038694.jpg,futures,8,0,0.1835112909993768
1038694.jpg,futures,8,1,0.19109469199975138
1038694.jpg,futures,8,2,0.19817709299968556
1038694.jpg,multiprocessing,12,0,0.21584557899950596
1038694.jpg,multiprocessing,12,1,0.2114472069988551
1038694.jpg,multiprocessing,12,2,0.21493850499973632
1038694.jpg,futures,12,0,0.20168018299955293
1038694.jpg,futures,12,1,0.2016991450000205
1038694.jpg,futures,12,2,0.19650330999866128
1038694.jpg,multiprocessing,16,0,0.2086510270000872
1038694.jpg,multiprocessing,16,1,0.21599988100024348
1038694.jpg,multiprocessing,16,2,0.2135973450003803
1038694.jpg,futures,16,0,0.22264660700056993
1038694.jpg,futures,16,1,0.22613609400104906
1038694.jpg,futures,16,2,0.22656305100099416
1038694.jpg,multiprocessing,20,0,0.23303683899939642
1038694.jpg,multiprocessing,20,1,0.23359300099946267
1038694.jpg,multiprocessing,20,2,0.23886757400032366
1038694.jpg,futures,20,0,0.24870673999976134
1038694.jpg,futures,20,1,0.261103713999546
1038694.jpg,futures,20,2,0.26387981200059585
1043283.jpg,serial,1,0,0.8760830790015461
1043283.jpg,serial,1,1,0.8304735229994549
1043283.jpg,serial,1,2,0.8839574820012785
1043283.jpg,multiprocessing,1,0,0.9045027430001937
1043283.jpg,multiprocessing,1,1,0.8746088389998476
1043283.jpg,multiprocessing,1,2,0.8754681560003519
1043283.jpg,futures,1,0,0.8515845940000872
1043283.jpg,futures,1,1,0.8776906799994322
1043283.jpg,futures,1,2,0.8186492009990616
1043283.jpg,multiprocessing,4,0,0.34210942600111593
1043283.jpg,multiprocessing,4,1,0.3334329039989825
1043283.jpg,multiprocessing,4,2,0.35048386600101367
1043283.jpg,futures,4,0,0.31915101900085574
1043283.jpg,futures,4,1,0.3155007919995114
1043283.jpg,futures,4,2,0.33396038399951067
1043283.jpg,multiprocessing,8,0,0.26200332999906095
1043283.jpg,multiprocessing,8,1,0.2537979099997756
1043283.jpg,multiprocessing,8,2,0.2780190789999324
1043283.jpg,futures,8,0,0.2633325179995154
1043283.jpg,futures,8,1,0.266719983999792
1043283.jpg,futures,8,2,0.3126213630002894
1043283.jpg,multiprocessing,12,0,0.2832451089998358
1043283.jpg,multiprocessing,12,1,0.2638105389996781
1043283.jpg,multiprocessing,12,2,0.2616809560004185
1043283.jpg,futures,12,0,0.2619033990013122
1043283.jpg,futures,12,1,0.2738823859999684
1043283.jpg,futures,12,2,0.25865567800065037
1043283.jpg,multiprocessing,16,0,0.2758438790006039
1043283.jpg,multiprocessing,16,1,0.26026839099904464
1043283.jpg,multiprocessing,16,2,0.271043283999461
1043283.jpg,futures,16,0,0.2573100909994537
1043283.jpg,futures,16,1,0.2727082449982845
1043283.jpg,futures,16,2,0.2847941029995127
1043283.jpg,multiprocessing,20,0,0.2935738450014469
1043283.jpg,multiprocessing,20,1,0.25371174100109783
1043283.jpg,multiprocessing,20,2,0.2763698929993552
1043283.jpg,futures,20,0,0.261188091000804
1043283.jpg,futures,20,1,0.2662198889993306
1043283.jpg,futures,20,2,0.2613700819983933
1047447.jpg,serial,1,0,0.7958695779998379
1047447.jpg,serial,1,1,0.7792424300005223
1047447.jpg,serial,1,2,0.7941229160005605
1047447.jpg,multiprocessing,1,0,0.7848819809987617
1047447.jpg,multiprocessing,1,1,0.774326511000254
1047447.jpg,multiprocessing,1,2,0.8472069229992485
1047447.jpg,futures,1,0,0.7883949129991379
1047447.jpg,futures,1,1,0.7963369809986034
1047447.jpg,futures,1,2,0.8202775829995517
1047447.jpg,multiprocessing,4,0,0.28962349699941115
1047447.jpg,multiprocessing,4,1,0.3082793190005759
1047447.jpg,multiprocessing,4,2,0.29678816300111066
1047447.jpg,futures,4,0,0.30570448800062877
1047447.jpg,futures,4,1,0.3059553639996011
1047447.jpg,futures,4,2,0.29342443799941975
1047447.jpg,multiprocessing,8,0,0.23564311799964344
1047447.jpg,multiprocessing,8,1,0.24061756800074363
1047447.jpg,multiprocessing,8,2,0.24257699699955992
1047447.jpg,futures,8,0,0.25085088500054553
1047447.jpg,futures,8,1,0.2414333060005447
1047447.jpg,futures,8,2,0.22879978399942047
1047447.jpg,multiprocessing,12,0,0.23761198699867236
1047447.jpg,multiprocessing,12,1,0.24347373500131653
1047447.jpg,multiprocessing,12,2,0.23197259200060216
1047447.jpg,futures,12,0,0.24142286899950705
1047447.jpg,futures,12,1,0.22814166899843258
1047447.jpg,futures,12,2,0.2716876689992205
1047447.jpg,multiprocessing,16,0,0.24158354899918777
1047447.jpg,multiprocessing,16,1,0.2399683700004971
1047447.jpg,multiprocessing,16,2,0.2734712550009135
1047447.jpg,futures,16,0,0.25906250499974703
1047447.jpg,futures,16,1,0.24887817799935874
1047447.jpg,futures,16,2,0.2525726500007295
1047447.jpg,multiprocessing,20,0,0.2631487670005299
1047447.jpg,multiprocessing,20,1,0.2664765230001649
1047447.jpg,multiprocessing,20,2,0.2998451470011787
1047447.jpg,futures,20,0,0.31715731500116817
1047447.jpg,futures,20,1,0.34347663600055967
1047447.jpg,futures,20,2,0.3195508010012418
1050519.jpg,serial,1,0,0.5170632150002348
1050519.jpg,serial,1,1,0.5058409369994479
1050519.jpg,serial,1,2,0.49873743500029377
1050519.jpg,multiprocessing,1,0,0.5356189210015145
1050519.jpg,multiprocessing,1,1,0.5639260440002545
1050519.jpg,multiprocessing,1,2,0.5107737159996759
1050519.jpg,futures,1,0,0.5799774459992477
1050519.jpg,futures,1,1,0.560214751998501
1050519.jpg,futures,1,2,0.6137289670004975
1050519.jpg,multiprocessing,4,0,0.23331043899997894
1050519.jpg,multiprocessing,4,1,0.2667405790016346
1050519.jpg,multiprocessing,4,2,0.2390935809999064
1050519.jpg,futures,4,0,0.19999727600043116
1050519.jpg,futures,4,1,0.19754221699986374
1050519.jpg,futures,4,2,0.1971402910003235
1050519.jpg,multiprocessing,8,0,0.16480180700091296
1050519.jpg,multiprocessing,8,1,0.1849137939989305
1050519.jpg,multiprocessing,8,2,0.18068920400037314
1050519.jpg,futures,8,0,0.1716005269991001
1050519.jpg,futures,8,1,0.16100898500008043
1050519.jpg,futures,8,2,0.17118908799966448
1050519.jpg,multiprocessing,12,0,0.17763839500003087
1050519.jpg,multiprocessing,12,1,0.17958059799821058
1050519.jpg,multiprocessing,12,2,0.19047952499931853
1050519.jpg,futures,12,0,0.18963583199911227
1050519.jpg,futures,12,1,0.21871814999940398
1050519.jpg,futures,12,2,0.17500118699899758
1050519.jpg,multiprocessing,16,0,0.19262851799976488
1050519.jpg,multiprocessing,16,1,0.1943818370000372
1050519.jpg,multiprocessing,16,2,0.210522729999866
1050519.jpg,futures,16,0,0.18275116399854596
1050519.jpg,futures,16,1,0.21575120899979083
1050519.jpg,futures,16,2,0.2657555149999098
1050519.jpg,multiprocessing,20,0,0.23173826099991857
1050519.jpg,multiprocessing,20,1,0.20868116700148676
1050519.jpg,multiprocessing,20,2,0.23505883000143513
1050519.jpg,futures,20,0,0.19838875400091638
1050519.jpg,futures,20,1,0.1906816009995964
1050519.jpg,futures,20,2,0.20039223200001288
1057749.jpg,serial,1,0,0.9101317760014354
1057749.jpg,serial,1,1,0.8843436139995902
1057749.jpg,serial,1,2,0.9313132959996437
1057749.jpg,multiprocessing,1,0,0.8926108750001731
1057749.jpg,multiprocessing,1,1,0.8693273959997896
1057749.jpg,multiprocessing,1,2,0.8653013959992677
1057749.jpg,futures,1,0,0.9003071860006457
1057749.jpg,futures,1,1,0.8779600800007756
1057749.jpg,futures,1,2,0.8570976549999614
1057749.jpg,multiprocessing,4,0,0.31295704700096394
1057749.jpg,multiprocessing,4,1,0.3238230429997202
1057749.jpg,multiprocessing,4,2,0.30406461599886825
1057749.jpg,futures,4,0,0.31664687400007097
1057749.jpg,futures,4,1,0.31040298999869265
1057749.jpg,futures,4,2,0.3100550140006817
1057749.jpg,multiprocessing,8,0,0.24740142800146714
1057749.jpg,multiprocessing,8,1,0.24445520999870496
1057749.jpg,multiprocessing,8,2,0.24485636499957764
1057749.jpg,futures,8,0,0.24754894900070212
1057749.jpg,futures,8,1,0.26920704700023634
1057749.jpg,futures,8,2,0.27892462499949033
1057749.jpg,multiprocessing,12,0,0.2876242120000825
1057749.jpg,multiprocessing,12,1,0.2588476469991292
1057749.jpg,multiprocessing,12,2,0.28421787600018433
1057749.jpg,futures,12,0,0.29508316700048454
1057749.jpg,futures,12,1,0.2758285839991004
1057749.jpg,futures,12,2,0.3118294539999624
1057749.jpg,multiprocessing,16,0,0.30547012700117193
1057749.jpg,multiprocessing,16,1,0.28049598500001593
1057749.jpg,multiprocessing,16,2,0.3124758469984954
1057749.jpg,futures,16,0,0.26723344099991664
1057749.jpg,futures,16,1,0.2674149539998325
1057749.jpg,futures,16,2,0.2528925469996466
1057749.jpg,multiprocessing,20,0,0.3953832360002707
1057749.jpg,multiprocessing,20,1,0.32613300799857825
1057749.jpg,multiprocessing,20,2,0.3396065359993372
1057749.jpg,futures,20,0,0.3257108449997759
1057749.jpg,futures,20,1,0.2800205680014187
1057749.jpg,futures,20,2,0.31210671499866294
1057810.jpg,serial,1,0,0.8490431039990654
1057810.jpg,serial,1,1,0.819155335000687
1057810.jpg,serial,1,2,0.7954524510005285
1057810.jpg,multiprocessing,1,0,0.8436082909993274
1057810.jpg,multiprocessing,1,1,0.7887931090008351
1057810.jpg,multiprocessing,1,2,0.7984663770002953
1057810.jpg,futures,1,0,0.86067420299878
1057810.jpg,futures,1,1,0.7869143490006536
1057810.jpg,futures,1,2,0.8075943590010866
1057810.jpg,multiprocessing,4,0,0.35237940899969544
1057810.jpg,multiprocessing,4,1,0.3341941630005749
1057810.jpg,multiprocessing,4,2,0.32675048999954015
1057810.jpg,futures,4,0,0.31914203799897223
1057810.jpg,futures,4,1,0.32709991699994134
1057810.jpg,futures,4,2,0.3284868959999585
1057810.jpg,multiprocessing,8,0,0.30607014300039737
1057810.jpg,multiprocessing,8,1,0.27541801600091276
1057810.jpg,multiprocessing,8,2,0.2601023740007804
1057810.jpg,futures,8,0,0.2699370850004925
1057810.jpg,futures,8,1,0.266681064000295
1057810.jpg,futures,8,2,0.2613386610009911
1057810.jpg,multiprocessing,12,0,0.27474636399892916
1057810.jpg,multiprocessing,12,1,0.2797582040002453
1057810.jpg,multiprocessing,12,2,0.28208423599971866
1057810.jpg,futures,12,0,0.3048907609991147
1057810.jpg,futures,12,1,0.3098693270003423
1057810.jpg,futures,12,2,0.2888018049998209
1057810.jpg,multiprocessing,16,0,0.26589428200168186
1057810.jpg,multiprocessing,16,1,0.2661632209983509
1057810.jpg,multiprocessing,16,2,0.27102715100045316
1057810.jpg,futures,16,0,0.31547076599963475
1057810.jpg,futures,16,1,0.3002021589982178
1057810.jpg,futures,16,2,0.2837194349995116
1057810.jpg,multiprocessing,20,0,0.30538864499976626
1057810.jpg,multiprocessing,20,1,0.2947955340005137
1057810.jpg,multiprocessing,20,2,0.32532656400144333
1057810.jpg,futures,20,0,0.38436517199988884
1057810.jpg,futures,20,1,0.33952668699930655
1057810.jpg,futures,20,2,0.30680462999953306
1068632.jpg,serial,1,0,0.6122709520004719
1068632.jpg,serial,1,1,0.5873340830003144
1068632.jpg,serial,1,2,0.6214925559997937
1068632.jpg,multiprocessing,1,0,0.6668752760015195
1068632.jpg,multiprocessing,1,1,0.5970639110000775
1068632.jpg,multiprocessing,1,2,0.5887381110005663
1068632.jpg,futures,1,0,0.5984127560004708
1068632.jpg,futures,1,1,0.5836901559996477
1068632.jpg,futures,1,2,0.5712528200001543
1068632.jpg,multiprocessing,4,0,0.22625911199975235
1068632.jpg,multiprocessing,4,1,0.22775560700029018
1068632.jpg,multiprocessing,4,2,0.21869600399986666
1068632.jpg,futures,4,0,0.22634346000086225
1068632.jpg,futures,4,1,0.24726947499948437
1068632.jpg,futures,4,2,0.22663061700040998
1068632.jpg,multiprocessing,8,0,0.18362996599898906
1068632.jpg,multiprocessing,8,1,0.20159484699979657
1068632.jpg,multiprocessing,8,2,0.19959788199957984
1068632.jpg,futures,8,0,0.19965008500003023
1068632.jpg,futures,8,1,0.19232713599922135
1068632.jpg,futures,8,2,0.20799146100034704
1068632.jpg,multiprocessing,12,0,0.23476622399903135
1068632.jpg,multiprocessing,12,1,0.2210267059999751
1068632.jpg,multiprocessing,12,2,0.20618415699937032
1068632.jpg,futures,12,0,0.20465720699939993
1068632.jpg,futures,12,1,0.21153677400070592
1068632.jpg,futures,12,2,0.20724935099860886
1068632.jpg,multiprocessing,16,0,0.2478498740001669
1068632.jpg,multiprocessing,16,1,0.26076613099940005
1068632.jpg,multiprocessing,16,2,0.24538723899968318
1068632.jpg,futures,16,0,0.23705419300131325
1068632.jpg,futures,16,1,0.24730430300041917
1068632.jpg,futures,16,2,0.26262408000002324
1068632.jpg,multiprocessing,20,0,0.32359960000030696
1068632.jpg,multiprocessing,20,1,0.3189159789999394
1068632.jpg,multiprocessing,20,2,0.2863719279994257
1068632.jpg,futures,20,0,0.27454248200047005
1068632.jpg,futures,20,1,0.2796540809995349
1068632.jpg,futures,20,2,0.2869106760008435
1072416.jpg,serial,1,0,0.6758141009995597
1072416.jpg,serial,1,1,0.7039150580003479
1072416.jpg,serial,1,2,0.6759051189983438
1072416.jpg,multiprocessing,1,0,0.6749614699983795
1072416.jpg,multiprocessing,1,1,0.7061350179992587
1072416.jpg,multiprocessing,1,2,0.7173133659998712
1072416.jpg,futures,1,0,0.7229122110002209
1072416.jpg,futures,1,1,0.665942700999949
1072416.jpg,futures,1,2,0.6915478989994881
1072416.jpg,multiprocessing,4,0,0.24818216800122173
1072416.jpg,multiprocessing,4,1,0.3321114049995231
1072416.jpg,multiprocessing,4,2,0.27169217799928447
1072416.jpg,futures,4,0,0.25493312800062995
1072416.jpg,futures,4,1,0.25600298099925567
1072416.jpg,futures,4,2,0.2567328949990042
1072416.jpg,multiprocessing,8,0,0.22273248799865542
1072416.jpg,multiprocessing,8,1,0.2472464080001373
1072416.jpg,multiprocessing,8,2,0.22936676400058786
1072416.jpg,futures,8,0,0.22410470199974952
1072416.jpg,futures,8,1,0.24338469999929657
1072416.jpg,futures,8,2,0.21910204500090913
1072416.jpg,multiprocessing,12,0,0.22269256899926404
1072416.jpg,multiprocessing,12,1,0.22389913700135367
1072416.jpg,multiprocessing,12,2,0.23533627799952228
1072416.jpg,futures,12,0,0.22017599799983145
1072416.jpg,futures,12,1,0.2143275550006365
1072416.jpg,futures,12,2,0.2133217099999456
1072416.jpg,multiprocessing,16,0,0.207049716000256
1072416.jpg,multiprocessing,16,1,0.2135635260001436
1072416.jpg,multiprocessing,16,2,0.2083690370000113
1072416.jpg,futures,16,0,0.21047902299869747
1072416.jpg,futures,16,1,0.2122570049996284
1072416.jpg,futures,16,2,0.22205303299961088
1072416.jpg,multiprocessing,20,0,0.2596989880003093
1072416.jpg,multiprocessing,20,1,0.25799104799989436
1072416.jpg,multiprocessing,20,2,0.2634447470009036
1072416.jpg,futures,20,0,0.25649996300126077
1072416.jpg,futures,20,1,0.23915665200001968
1072416.jpg,futures,20,2,0.2415503809988877
1074856.jpg,serial,1,0,0.8299381179986085
1074856.jpg,serial,1,1,0.8382436459996825
1074856.jpg,serial,1,2,0.8404925859995274
1074856.jpg,multiprocessing,1,0,0.8064174169994658
1074856.jpg,multiprocessing,1,1,0.8215298109989817
1074856.jpg,multiprocessing,1,2,0.8360471850010072
1074856.jpg,futures,1,0,0.8273560060006275
1074856.jpg,futures,1,1,0.8213774039995769
1074856.jpg,futures,1,2,0.866657374001079
1074856.jpg,multiprocessing,4,0,0.31396530799975153
1074856.jpg,multiprocessing,4,1,0.31930755299981683
1074856.jpg,multiprocessing,4,2,0.3151843039995583
1074856.jpg,futures,4,0,0.3082282100003795
1074856.jpg,futures,4,1,0.3108398849999503
1074856.jpg,futures,4,2,0.3052352400009113
1074856.jpg,multiprocessing,8,0,0.25710346100095194
1074856.jpg,multiprocessing,8,1,0.2507642489999853
1074856.jpg,multiprocessing,8,2,0.23927039000045625
1074856.jpg,futures,8,0,0.26719568299995444
1074856.jpg,futures,8,1,0.27281598599984136
1074856.jpg,futures,8,2,0.2636346639992553
1074856.jpg,multiprocessing,12,0,0.2518049490008707
1074856.jpg,multiprocessing,12,1,0.24928530400029558
1074856.jpg,multiprocessing,12,2,0.2501366760006931
1074856.jpg,futures,12,0,0.28934853999999177
1074856.jpg,futures,12,1,0.251168898999822
1074856.jpg,futures,12,2,0.27065315400068357
1074856.jpg,multiprocessing,16,0,0.31536545000017213
1074856.jpg,multiprocessing,16,1,0.29669395800010534
1074856.jpg,multiprocessing,16,2,0.2863306819999707
1074856.jpg,futures,16,0,0.26860862399917096
1074856.jpg,futures,16,1,0.26464087099884637
1074856.jpg,futures,16,2,0.27145407399984833
1074856.jpg,multiprocessing,20,0,0.2756407710003259
1074856.jpg,multiprocessing,20,1,0.2756088650003221
1074856.jpg,multiprocessing,20,2,0.26701248199969996
1074856.jpg,futures,20,0,0.27183341099953395
1074856.jpg,futures,20,1,0.30496291399867914
1074856.jpg,futures,20,2,0.2770387140008097
1074942.jpg,serial,1,0,0.5926632040009281
1074942.jpg,serial,1,1,0.6148204649998661
1074942.jpg,serial,1,2,0.642286468999373
1074942.jpg,multiprocessing,1,0,0.6051521669996873
1074942.jpg,multiprocessing,1,1,0.6049803149999207
1074942.jpg,multiprocessing,1,2,0.6012852559997555
1074942.jpg,futures,1,0,0.5638256700003694
1074942.jpg,futures,1,1,0.5938581909995264
1074942.jpg,futures,1,2,0.5835730689996126
1074942.jpg,multiprocessing,4,0,0.2391796539995994
1074942.jpg,multiprocessing,4,1,0.23096978600005968
1074942.jpg,multiprocessing,4,2,0.2376776199998858
1074942.jpg,futures,4,0,0.22907107299943164
1074942.jpg,futures,4,1,0.23671390699928452
1074942.jpg,futures,4,2,0.24026368799968623
1074942.jpg,multiprocessing,8,0,0.20690551400002732
1074942.jpg,multiprocessing,8,1,0.22590888000013365
1074942.jpg,multiprocessing,8,2,0.19784806000097888
1074942.jpg,futures,8,0,0.20517045899941877
1074942.jpg,futures,8,1,0.1924903719991562
1074942.jpg,futures,8,2,0.19770718499967188
1074942.jpg,multiprocessing,12,0,0.19361230300091847
1074942.jpg,multiprocessing,12,1,0.20512467899970943
1074942.jpg,multiprocessing,12,2,0.21203220700044767
1074942.jpg,futures,12,0,0.211931818001176
1074942.jpg,futures,12,1,0.20268294299967238
1074942.jpg,futures,12,2,0.19842608900034975
1074942.jpg,multiprocessing,16,0,0.2162317370002711
1074942.jpg,multiprocessing,16,1,0.2234647320001386
1074942.jpg,multiprocessing,16,2,0.22743034000086482
1074942.jpg,futures,16,0,0.21348490300078993
1074942.jpg,futures,16,1,0.20708614499926625
1074942.jpg,futures,16,2,0.20890151299863646
1074942.jpg,multiprocessing,20,0,0.23603946300136158
1074942.jpg,multiprocessing,20,1,0.22700485399946047
1074942.jpg,multiprocessing,20,2,0.225408714999503
1074942.jpg,futures,20,0,0.23651490200063563
1074942.jpg,futures,20,1,0.23024402699957136
1074942.jpg,futures,20,2,0.2339352979997784
1076891.jpg,serial,1,0,0.8225837079990015
1076891.jpg,serial,1,1,0.8517773599996872
1076891.jpg,serial,1,2,0.8642533570000523
1076891.jpg,multiprocessing,1,0,0.805354582000291
1076891.jpg,multiprocessing,1,1,0.8674127819995192
1076891.jpg,multiprocessing,1,2,0.8515019360002043
1076891.jpg,futures,1,0,0.8162149829986447
1076891.jpg,futures,1,1,0.8585470660000283
1076891.jpg,futures,1,2,0.845359761000509
1076891.jpg,multiprocessing,4,0,0.3176805240000249
1076891.jpg,multiprocessing,4,1,0.31752873199911846
1076891.jpg,multiprocessing,4,2,0.3240769120002369
1076891.jpg,futures,4,0,0.30829363299926626
1076891.jpg,futures,4,1,0.31220412800030317
1076891.jpg,futures,4,2,0.36715544299840985
1076891.jpg,multiprocessing,8,0,0.2761012810005923
1076891.jpg,multiprocessing,8,1,0.2597370139992563
1076891.jpg,multiprocessing,8,2,0.2842944760013779
1076891.jpg,futures,8,0,0.27670658100032597
1076891.jpg,futures,8,1,0.3069653919992561
1076891.jpg,futures,8,2,0.2672221590000845
1076891.jpg,multiprocessing,12,0,0.26141402999928687
1076891.jpg,multiprocessing,12,1,0.35403296199910983
1076891.jpg,multiprocessing,12,2,0.291964926998844
1076891.jpg,futures,12,0,0.28784532799909357
1076891.jpg,futures,12,1,0.2894583920005971
1076891.jpg,futures,12,2,0.29284084100072505
1076891.jpg,multiprocessing,16,0,0.2652219169995078
1076891.jpg,multiprocessing,16,1,0.28645864100144536
1076891.jpg,multiprocessing,16,2,0.2792210679999698
1076891.jpg,futures,16,0,0.2549435370001447
1076891.jpg,futures,16,1,0.25319455200042285
1076891.jpg,futures,16,2,0.27514253799927246
1076891.jpg,multiprocessing,20,0,0.2752125930001057
1076891.jpg,multiprocessing,20,1,0.2869571699993685
1076891.jpg,multiprocessing,20,2,0.27193208199969376
1076891.jpg,futures,20,0,0.2917484469999181
1076891.jpg,futures,20,1,0.2911305130000983
1076891.jpg,futures,20,2,0.283463125999333
1077610.jpg,serial,1,0,0.8818416350004554
1077610.jpg,serial,1,1,0.8654745049989288
1077610.jpg,serial,1,2,0.8498263910005335
1077610.jpg,multiprocessing,1,0,0.8345433639988187
1077610.jpg,multiprocessing,1,1,0.8305948559991521
1077610.jpg,multiprocessing,1,2,0.7979490219986474
1077610.jpg,futures,1,0,0.9555523870003526
1077610.jpg,futures,1,1,0.8731270320004114
1077610.jpg,futures,1,2,0.9189698370009864
1077610.jpg,multiprocessing,4,0,0.3425290060004045
1077610.jpg,multiprocessing,4,1,0.3366808890004904
1077610.jpg,multiprocessing,4,2,0.29436075299963704
1077610.jpg,futures,4,0,0.3153486510000221
1077610.jpg,futures,4,1,0.30669978100013395
1077610.jpg,futures,4,2,0.301336425000045
1077610.jpg,multiprocessing,8,0,0.24167588300042553
1077610.jpg,multiprocessing,8,1,0.23762543900011224
1077610.jpg,multiprocessing,8,2,0.2566043820006598
1077610.jpg,futures,8,0,0.26560078200054704
1077610.jpg,futures,8,1,0.24404693899850827
1077610.jpg,futures,8,2,0.2438870379992295
1077610.jpg,multiprocessing,12,0,0.2654746530006378
1077610.jpg,multiprocessing,12,1,0.291645277000498
1077610.jpg,multiprocessing,12,2,0.2925138210011937
1077610.jpg,futures,12,0,0.29088751199924445
1077610.jpg,futures,12,1,0.2677404230016691
1077610.jpg,futures,12,2,0.33176172000094084
1077610.jpg,multiprocessing,16,0,0.2788836390009237
1077610.jpg,multiprocessing,16,1,0.27834174600138795
1077610.jpg,multiprocessing,16,2,0.2867162830007146
1077610.jpg,futures,16,0,0.28478291099963826
1077610.jpg,futures,16,1,0.2759823209999013
1077610.jpg,futures,16,2,0.3011442070001067
1077610.jpg,multiprocessing,20,0,0.28563191300054314
1077610.jpg,multiprocessing,20,1,0.2763669750002009
1077610.jpg,multiprocessing,20,2,0.2856499259996781
1077610.jpg,futures,20,0,0.2759698429999844
1077610.jpg,futures,20,1,0.28809116299999005
1077610.jpg,futures,20,2,0.28681523600062064
